,phi0,yep_or_nop,mphi_phi0,A6_phi0,lambda6_phi0,mphi_2,A6_2,lambda6_2,mphi_gut,A6_gut,lambda6_gut,dv,phi*,alpha
0,170000000000000.0625,nop: mphi_GUT_Im,273.00876292590883860173179083504,1156.1386155125327097086457370537,1.4620431139714237899194419902699,608.737032616583245890164256004512138034843750544759249586592506170060498544748764853354798101995916298182512757795309896864058416501276265328170841343,273.918168512136762598753547033131380350333353454924860494918309585713579662648694033048463577264866260084561157002007807842555135821666216020353381268,2.6148246876930712363455762155089995762987100334765361422106134916716671109874039805530667214702112263026662573742699255331755377004718049738473271656,(0.0 + 62.7341202611442759227138448119498990738534196383004223760829894108650428682199643932131404964627296389828666776447046812433888622505842195137593149122j),1376.94087834323605705672856347478109630606644364783192599463501812467846798587446864230223790177809020226171323436398490669687369143689616454466418615,1.26443369265687391428148086303165824921217612514112502677829100449274183228933279520014054964794984339864196970152221285336865681196721608812588835036,0.002023383165198627817512347775743,169999999999871.84814254373260678,3.9999999999999999999993559092267
1,176224501537023.1875,yep!,290.6806667310994443542019608635,1239.0362605410708766767623843598,1.3513470340989263061050727571548,617.286339437136136686129476723920535334839924547327223118550829730889924186521990111620622301797439577977367551606666605308621467702834333643457586498,355.340352523264333924530191572717775276257288955035347652429016051050687641384871476262006316336033243755554054702880236023475021640349288110318028373,2.41918451761055427534498004575519635304357713118423632239516959833455896669532270455249151442270647838065560256769843613863203544286922726727012473151,80.9078496310240889569776240713837692082416721770861430408939622756277973673147907568868737159538229875593656668399264437257016516531821682849654686451,1458.36306235436362838250520801436749123199037914794241315214572459001557596461064608551578064084925718593270613206485733487779357725557923663462883325,1.16982925364658543047279135451325695466200099867212444807686759938650006638279900797355538853576502289435348146029019204342532697649702079685236663026,0.0026869825855372112905150136275165,176224501536881.84893170073947371,3.9999999999999999999992727840582
2,182676911423367.09375,yep!,309.70124369556653215797363765764,1327.7679615989494760149451289403,1.2494826826776568041411044490402,626.883208527651514005268295223494498850191287969025935387392676423856138971458580727545686160394373934529241947399423909717256924842002011111654594221,442.595818000429296088086163946996254339286039408470651743241608483300873793514288070526020890216150411364932340644505094463987663080946698732590638567,2.23899067043314969342904294782558124496309545498816275704011916807295459370652654386159597396170785930765927968302561635327590342229258613326222686049,135.964011452075672373054123212450502959824940712615860743044013954086000529735773398425859248564342424375504365150245200158716904378646382338754146711,1545.61852783152859054606118038864597029501912960137771724295831702226576211674006267977979521472937435354208441800648219331830621869617664725690144345,1.08269409209906741972837326103676574084396413575359030618244579541642475401795880671695074969498814047830886330648317827283419375219255486265302400716,0.0035796933427368778086720086528702,182676911423211.11442750298494407,3.9999999999999999999991773073079
3,189365574458270.125,yep!,330.1661256402164743808779794641,1422.7706921204369854909357305858,1.1556859744549696643369172266681,637.650552356107948656999708303204053106800246079189244511747830921535175953563867162512681703100385151912933603263466091125291902755900240828934928021,536.12153732335147908339085189371376598974083267645218448258224963121017128601385628638795630413807455013974802263212710409990811819385483077250952529,2.07291771507730508101326226931100665881452866620078804821512892416798682949245949718086098171217834797049876222725743538566881595403847820065863052976,179.169981292254191298288175893835913324219187502019695952831743265809398419010476325545898018632825788727719585747229571382979372291208146349549776809,1639.14424715445077354136586833536348194547392286935924998229895817017505960923963089564173062865129849231690009999410420295422667380908477929682033017,1.0023872779637408679730751418353756848602069629114692976235407859243302410777730030009292414901708968304976632254316871806073766559730398604916481063,0.0047831536354741415840199805259778,189365574458097.81610064381696073,3.9999999999999999999990675865319
4,196299140983415.84375,yep!,352.17751881091094984644712282415,1524.5109386414656124446710183543,1.0692651290167056379153769722077,649.72206270436673744540949660163281741288422626389963338026701334070710704234315759464902042910921494028276244085670033054593649672006142509037820683,636.383995969739808294278906503708884683425736023437725350210582193549455125187226555601726689668111567495359003020884326747306392204724768201297516647,1.91976486571246877864622110246463345022371489573378076666681210321113001755013592637120006789125805041233478727836748159269192359222427277685159966254,218.271422868487791667182864644902082915636707859796667729236692039240461059148436101422734499308329274146058091403641915796119706963090407364686632705,1739.40670580083910275225392294535860063915882621634479084992729073251434344841300116485550101418133550967251108038286142560162494781995471672560832153,0.928328155080764321957294495996742377073952413260873355788096292599509559786477312041561790126192079369705328189415099288276556541168265173890175942384,0.0064082525184555018224444436654181,196299140983225.31998820025300349,3.9999999999999999999989415058412
5,203486578070284.03125,yep!,375.84272566013167911151667352271,1633.4777930167858094176717720358,0.9895882033838349263757381813055,663.241316848182663477252995831027228190883058422527451923963865169159477106775066676527207140745788811392213465137299372476635442235533272083634689754,743.872284732425461238522567581736083581783395956634776230344361530883425252043085336248802463956119288972169509068895868728746517347079034726966001167,1.77843418519986524043077389365356849481329943168151061104543190916067085396726876508558840596190007102324175654601402857145982877909539893294104316614,255.719963340230012013289918846582358629336205758161113117777409992357322665107889801254459578800045012727651857194447459329307946492050297102582317478,1846.89499456352475569649758402338579953751648614954184173006107006984831357526885994550257678846934323114932158643087296758306507296230898325127680605,0.859985801160310433437010540973461737262689297561128588069986918263808823031585318284384731611532167955208947259574677917290488610161772342493590419572,0.0086065713998136228205799765822177,203486578070073.19072258140687982,3.9999999999999999999987965413196
6,210937181117120.53125,yep!,401.27815056379377729299914392202,1750.2013504749098904146578156173,0.91608823342426694241889904903942,678.363706760416898428024711619518588494221694648304942324062686109661189760955842608673865087601449671162160876309338785063403634602071654116735810649,859.116497774284573221308549579680928688167280764041573129842319487774608607857799544662948764559256026619775691361295427416639732443655604561046112609,1.64794033727646231527359758843970258185329028769195428072599801092505326771768447231156838638404293776034999680692293820723523719247056592362093396632,292.713125646852467757396411864810522490662156637958803797367572007973774318376038625394346330418166112873221358308431656870215836992757922647441451868,1962.13920760538386767928356602133064464390037095694863862955902802673949693108357415391672308907247996879692776872327252627095828805888555308535691749,0.796883743582460023049724959988534918261646191777560704401440924474742375410882468417432783158063821312938386568258432137331067715541764376184845699354,0.011584523086581609770165248367872,210937181116887.03183985637098749,3.9999999999999999999986298530549
7,218660585870526.375,yep!,428.60783890447347031964617716616,1875.2458024358559055057303215951,0.84824993930207663884199987599848,695.25539024830146817400667075566574404466334672833284887386050862247582863082587337027532001328257904456303958327968109312906951698347356643709336596,982.680825445961083712494590254079526642166997483162151334767912926375873795743979690515146569609002324990497297200422144745394257246726559747846594583,1.52738719848348591191574729864826523741293967550936328076433990557781945304343403198765146769193693655278446177929193904138567998773710558410239250199,329.975321721996538982804292498431471688079579503886774218200811827037377482321984592703365257370075437391036584528672236128234222833739435333416424489,2085.70353527706037817046960669572924259790008767606921683448462146534076211896975429976892089412222626716764937456239924359971281286195650827215739946,0.738588649780258538484142010790846412517624423121027579303954614073579516665244899517846157026665127746903449488633014671887463083665874236962566541909,0.015623941980833329276664662407656,218660585870267.605330313695212,3.9999999999999999999984381473812
8,226666780887217.375,yep!,457.96199550759987998778408104511,2009.2026183996015053726060279124,0.78560143636644918218912946225239,714.091815041471975435306004342090706109463967906131482714486253599006039198507630356731031921168792475138943362202752453274216651637321063320641865797,1115.15673617429873660240229539882095038953481840694082336349746430798700460275995121239791485412495519250925992417090989841795471046711573535835897673,1.41595335491983655752483715888236628386200481710059566332104282065521990928121825086585595968458878665589554856978982689591383974054721209095436897238,368.009205843333454673092592806950078431981453517794929955687320022134677071131626192593016652291236636384111014382091940089938561379127741064935290248,2218.17944600539803106037731184047066634526790859984788886321417284695189292598572582165168917863817913468641200153288699727227326608234568388266978161,0.684703313999509425922111510730717483288981667185523569811680045569422333612514790569550265303863156084460544895098564597575967909253745616216176307968,0.021109468535013581453359245385842,226666780886930.42680744688710222,3.9999999999999999999982176282203
9,234966120452067.78125,yep!,489.48503479841873973757014677108,2152.7272039230632164382636940732,0.72772340576346860614596687185331,735.062189746312879270178448748341205785627303659786807337318783385578467696800931027247272600344832019441122757337759118361916150109607253166642217942,1257.19963443929833663424396541026288108593212090533492151772956310874165829443868127816806313975590926758496832437679092053140000997813791559874073458,1.31290901358964478773038902281550921368852203648966564685398078337775367248397892965343992904983082237334577795279917105445732579875397341651611344645,407.210115383767979999081246704715554719749160434723404941132997641302813043118041251126568352919368597396896458573088584322465900576539660319518125236,2360.22234427039763109221898185191259704166521109824198701744627164770654661766445588742183746426913320976212040173876801938571856559336786412305153946,0.634874835008636633675177823249602365737981992300058223929064656779921756033211904375096505966390077811279514537121030977193376048545184253032814453808,0.02856634364557822813550024491872,234966120451749.41081887653781847,3.9999999999999999999979639692055
10,243569337969140.875,yep!,523.32377724061930626345391215342,2306.4849885126852036651583785141,0.67422273091799656876084538344518,758.361280541545120421061785276900131394757028570745066554424145754864028076023870174397118112861108906690881602503340894469164309700413798066766553708,1409.47494866668499213300429708327279683221989957014586163738216351613730120939276633132008226094882453326970862807302544979299578581993029508671299843,1.21756884135458960199697660854308420203985208001144997132968354618660010124228169443399933253255388520068553057933847141219233251111836373524797563337,447.901202388237906805623470482685903454060516903402394805455048634597183594796327770127447361250886901438055877104604961333814350037617204850885812222,2512.49765849778428659097931352492251278795298976305292713709887205510218953261854094057385658546204847544686070543500254864731434143516024361102380331,0.58877181073894091452385885358462949373622928621844346281995347800001841937606169702987873331273973887099143235831023849958054260122718950591896497685,0.038712101245256290563196220467943,243569337968787.47097750343444065,3.9999999999999999999976721259625
11,252487559843027.9375,yep!,559.6423950606897805627429430225,2471.21942018220985678982214312,0.62475198209248831292490512320265,784.198469234222334224100755300759041877297178647641616806746891866906076369928870324501940408557493093526765100592988699904318163092693348417866756937,1572.72612578565703163137714172926318691224555594336118658119827728124669568496311425977736276895751436712889695739796119154812950277439596505883433664,1.12932740506706545993458006668156408132865742876290226726087130197350372449435609483331823632455103216920311753768541707744091903571480358380724613761,490.378317654354193368927885742852191232887841501699498131506721496202924294175710813046609505540052878125397595224004564616001203966109372917305192978,2675.74883561675632608935215817091290286797864613626825208091498582021158400818888886903113709347073830930604903475993829040244805838962591358314514152,0.546101475838279621976480770065435138320071583194972613377003435211128987921174530524451923863853417846809687853199217799054291430902165440103883277272,0.052527250656102945507731511637323,252487559842635.4766105432910355,3.9999999999999999999973363510256
12,261732319868452.3125,yep!,598.62183086373183063310929392085,2647.7490053516514398016490423226,0.57899835948217654675942346343011,812.797415488193319960052236628646348205618654724953722942749346966021245847717999406854162754757913863416062909571690079780954655574458678435537779403,1747.77167112783715965232791069237746573695646814949391109516864614160445701543719938421837540288241498945909624001498255982308361543626695737458930228,1.04763955660033342001616965535259338365668720083125270633790987703343970612568062401915865297338694786834117084303197655958730272908763345160290092763,534.92363370905936717184279404959507356773703118205644991266870826504840457145530058979553151222746154352297524647708922020794406699393769132935576349,2850.79438095893645411030292713402718169268955834240097659488535468056934533866297399347214972739563893163624831737695965867740217105149690589890010716,0.506600216588233401728803747693687118563911053865156892753320583802024121767513853295603073469619828874835762056724849802932684408563814603226988924474,0.071354132189413968866955497813954,261732319868016.31202648487024531,3.9999999999999999999969499950223
13,271315574146745.3125,yep!,640.43860887173207897301402478577,2836.8713437030456116707906737127,0.53665905280030321259339359887345,844.379895768730865819242809857613319915990785530698587481765030897510094243518065121682654283272235264193254726961903028843968227111084124041399103991,1935.40918328299928193630659802376608646828231622042926333475881985075696024039754078424275217712999365142612555682840197289081890987578076684482689569,0.971976100909150655385775624994303615440874193176632393968099763543658079694383482062393349000166308914163188792184821124406437089398464188378423960093,581.791254364166214917932307927504949550748083850198385083211939086700932705823477262907407573928022492409264593049998295579422056508814545815822780985,3038.43189311409857639428161446541580242401540641333632883447552838972184856362331539349652650164321759360327763419037907174513746549101071536913770057,0.470012133597787076130607508239969617777326590027848660342491784582267650019672297345000077793300086256104852488219626357214768572324680496420822201931,0.097023807328193568299414172887446,271315574146260.77899132107488721,3.9999999999999999999965054236594
14,281249716548480.15625,yep!,685.29541289623108164690564555076,3039.5016275524841874897231904667,0.49747088303783442045724345354924,879.187235628297046951173270107865486963674563104761756828554561829657496252953554309682318750932933374812155204644602792689296686769222879304365116067,2136.55385347108112699602471486576024295734845510707430086517657529623336410311725220466691252757113179212477481375396754117630025075990743267602322809,0.901877614180805552248274095321767836795040021240631915202755894831137695548178852464309850993174594423308547972610477151424685082329710252898462986145,631.247851931350230576864374496606145550856886901144583045050126225495407259397090807329136566807239242306695587310708934463070883371086349087239201349,3239.57656330218042145399973130740995891308154529998136636489328383519825242634302681392068685208435573430192689111594464003061880637513738120033403297,0.436115066295053910207758070845932432988651851108067021503394083408926458559982701662314271234849206314240068411996661150328282306972672952238256008573,0.13204360400019984960241785050916,281249716547941.52705351545078171,3.9999999999999999999959938418176
15,291547594742265.6875,yep!,733.4065790904786650700052064177,3256.606811426346593736795704472,0.46119012661368334045309854339241,917.469639800515040694154343170902486562773785106662371630046037285563359726660987928604108147133624100846867020544976435049968722147903078116625605613,2352.17263511839335860613463759556716666404928682987093651965198648525321024629440226272955743509655608687688390495686637898773117939760131510180235166,0.836918172962310249268247043394760007473496626934036953695115952152600482265974248763572271571959915769337826941968467376610533141280941007483862459211,683.559942676502925240140990678830836491882820380695012997971074857122217206899630701278120543050640332966343038206465355314908545891068911381421982513,3455.19534494949265306410965403721688261978237702277800201936869502421809856952017687198333175960978002905403598231884347784204973501283126362611315654,0.404703053658254755412209159074153503452418662940985827248747700527595968014161714195512544019823926178943478165950226346693622985106945011410280689593,0.17984229122917207015988362229922,291547594741666.76532434462093667,3.9999999999999999999954051321037
16,302222526810434.0625,yep!,785.00003862606186988559553727923,3489.2144065962608043117600179558,0.42759241597408997162454709112306,959.48719098517333254657629406928969756783801283738456895486965138636853828519089630151150167042539428336425088324583463031465840661949658061608247585,2583.2930383925573624242758207400090564471140742052371465621082644484666425060745741982161485302672962428352836993643596569775386303591847522504957944,0.776705338761126577122626034372539899375562689809032950860376781241493615388986244304836304457824595640508077298546801243565664427818381664298192391129,738.998866670873615544842435308854238525745550919267477800075701858043361334280576732716778319176042870264671308810172871489598239063214360770004963505,3686.31574822365665688225083718165877240284716439814421206182497298743153082930034880746992285478052018501243577672633675583185718597441470077480659928,0.375586326769191689315503359395995525664864756939712658585815562827851834322238849927887802267708314597932323739988666437621338520665102329687293215758,0.24511008857307810824817380682979,302222526809767.94799980742549203,3.9999999999999999999947276365758
17,313288318473107.9375,yep!,840.32234613911192782599035239095,3738.4351317295117247186773014581,0.39647333310402398689340410996779,1005.51373738444931093620468049076860205211256134418702747031716965918753143707192447608593669029381973088266444838210504183204622802437793442557480701,2831.02578085289025222156785379143758763579277028049318864169143676690183389485382896188120717900420367633868181536507800475399083751724262929362812607,0.720881402232325475348252602210021725109592740347628402372720242656306437802936568181381417915567308927932874319905334587348529913060859577416176821116,797.848062819645159347633579082664281556100222381267756334315354525854979087747402817646504670290292863921938831778613328209519971500560235392650303953,3934.04849068398954667954287023308730359152586047340025414140814530586672221807960357113498150351742761851583389272705510360830939313247257781793893095,0.348591910456704933426009615018303874580059250932115569327557605364207166395133400991019164832474037642533206578951998176897222501150100977745677360159,0.33426387782327874562737338594184,313288318472366.94229315480559392,3.9999999999999999999939479683713
18,324759280942916.625,yep!,899.63628620518063905853326958332,4005.4520809984999574562361870641,0.36764438274280265697793003397737,1055.83504505900211162469160151273439358036453194334494343032868214934668041079266348777275235599635129050333114873317929519299858003742416228019878302,3096.55395555984083219989685055808005480849136053045979054800139357720818496022308319340323144140837484530247540323515793096055815058050571474672488742,0.669116225472698370382145662499332179693814020351645651413834269679062048866244960555972216162117184394863336567335611927336791099102949779098899780027,860.401823365665684399528712028454910956339879116524380997053972156959753636226072159265598581826446424420353113099797765213700721092083879208673430841,4199.5766653909401266578718669997297707642244507233668560477181021161730732834488578026570057659215987874796274805971350298148767061957356632710356923,0.32356016209159463172346309169600626624391819139133400199878342410889776946978422606922691733841053550754993761207080792531564128539086448822688316817,0.45608567444946345274531854741,324759280942092.18445631715431807,3.9999999999999999999930506741473
19,336650249433457.5,yep!,963.22367386214800251159560788121,4291.5333250329435227665715235416,0.34093246126080566470903153183588,1110.75125390684241283541967940463157459465665712387381097688479752049590074543356421434667908008959594925876543451875472237423137799461491632149809482,3381.14563202716829339627676244778322100061420772133969151083939255534841246551501457133868315529034011058978135987184219163290409409252071474784471027,0.62110641050741021209918068731965054591538419741869050923426753133371640038837991987927042694025064719762549989595973449620382032886806238847427433578,926.969256950757701438113417730867558779143594458463352142673310738795609528281642181376922964689279993983223662762541851669154801475240299471817396853,4484.16834185826758785425177888943293695634729791424675701055610109431330078874078918059245747980356405276693343723381929048722264970775066327215551515,0.300344369497143593168766448924361834937210906575411683776716640538815080945216799951562116846072109075313459316290658581513013495875512395423376559996,0.62259107653758537277503424669738,336650249432540.07592776038291615,3.999999999999999999992018009624
20,348976602345444.375,yep!,1031.3874063402861564261346087109,4598.0411177111994298945346137043,0.31617861926666461162686417170795,1170.57897413674963826809043867598208283736308878215515069379508636078511695283110083737388596412407782614445483765748515772701111984795476585609806193,3686.16306301323994490553139437638505287984242527871737735943418623674527730137929818015238678632075432337767114281749292783737464736466203425155152375,0.576573174805590120950301185085442860606945431061315208803678253709932110517049897555145083099043425501773461546255491742463199158733332743835935168577,997.877141719992667772263268395947465724851647196715484262197305059977419312879591703672390169622133737561428527780965654429872303642771665175423196517,4789.18577284433923936350641081803476883557551547162444285915089477571016562460507278940616111083397826555482322017947002669169320297989198277586232863,0.278809723626069841070563415149596214896854439448455687759298121721617445744415804418360356705922135109625546972106308844626670308662241252791740275087,0.85022752024032869684511766388125,348976602344423.34233893785746466,3.9999999999999999999908295271657
21,361754281155352.1875,yep!,1104.451506585500351674377189229,4926.4320717831375035297888851698,0.29323626259822465921481640577158,1235.65176217021246067824328559993911435550116164371649738202176498338181089291097140998745483500523893294587053893248722921264844622164965678333966738,4013.06286014388096626274689761676304677092356291156634863731896950885754465908571197825507231008459225428139322400547896782600514320582530158925725564,0.535259189023685510671253454110279851471606943559920425896996880810359257144462596638677269937318017647187990422108586733120006198202487821636633000166,1073.47050850527256142087132858642762837393743770291688142737436133094202569512171205350789627476712844302683895659557177747440938279878213141806975726,5116.08556997498026072072191405841276272665665310447341413703567804782243298231148658750884663459781619645854530136745606668032369882105525011356806052,0.258831789408738084192267624239177222913768461803090703095281020321333239536253654912059363431307796515451609166502346291848210314407197267802385363933,1.1615042943154801335970081104093,361754281154215.71044137453236259,3.9999999999999999999894617144087
22,374999811032272.4375,yep!,1182.7629976875154448098041512127,5278.2655768600190031476310344902,0.27197025488709336326142553173271,1306.32223967499642336945364549434144736421879985059176144555222905877731247667047681881453208733836879357291908624347416280525144343117958544444507231,4363.40441190222953879600644379675997357621853759343055673249516188796088826720364891094106315535515829492179512002515112480026422628073066421219658537,0.49692704333477049755232746607511262839113776253027177700822673249255176336009107563499670736514142022696803767830034796950442332957143296787548672545,1154.11500689736980490037174731752715720596328190601193820479679277379361171498939961590890813765295552048744325400616471337334010559707675076707228975,5466.42712173332883325398146023840968953195162778633762223221187042692577659042942352019483747986838223709894719738712822365458278189596061273650739025,0.240295764126042222091411323645776701735866038974554884447490290636892056481429319366982430183212712226893843312578758551617151143734265214789617740495,1.5872357618511725399144022248629,374999811031007.33308001244378593,3.9999999999999999999878874727407
23,388730322209649.125,yep!,1266.6942460172204682839171768361,5655.214316844462641003125220358,0.25225609553508539054903800723716,1382.96474308357623774479033398118004220917162716404898670454003861069251020377611372390892665838246300757233225949511415206514617097638185855928101263,4738.86040105867911145166556309927794492132883493904761803797641848617984065755175070168465903485597929554583248697703114759259521687790188210662871561,0.461357842543061805409395288675579822194738505408351493993770850672312717964422246170367603571169754422250652729504303538313211930810599582681131811792,1240.19963549762389938291631631050310859324655493006091713619898299571926721121162850540118280637601807859924418583072548284065296057500274984895923843,5841.88311088977840590964057954092766087706192513195468353769312702514472898077752531093843335936920323772298456433900824644691377249313183063093952049,0.223095798058109338528694463496161660047818642993631573645330404880500615464433268294697307868098842902391463332995077217075582573298246946952206084035,2.1696020014172937768899219029133,388730322208240.70894078389587813,3.9999999999999999999860756393923
24,402963572139540.0625,yep!,1356.6442760091143073656999744022,6059.0701644545110887887756798096,0.23397887568311581688637880569768,1465.97710983788430549952458279637336472066917385086944714495964539333975544166970901862528811174718630736931459465393977762509557795098814929251689672,5141.22269919492037070188035987154414109832452601547042457746450285212991397006111978089614014360613595777506046755164289578554805012774899910665599154,0.428349386388492430246981063994125204496833673295913180004170673426158959968204926633166512630488884036324734236420150083099186102319743377943111821614,1332.13833435002292111135496876498728557893188353787456600237572697256929574135732337361895908997935319386487221080839394389397552015819387481543289888,6244.24540902601966515985537631319385705405761620837749007718121139109480229328689439014991446811935989995221254491361999463986660574297894763096679642,0.207134114546069707942347993421021269828898460418188895998145356784114728167871490899374170146363768321739141314179603416106643793317276096198784593876,2.966346450804951201605511983391,402963572137971.97714932038401792,3.9999999999999999999839903460459
25,417717968458051.1875,yep!,1453.0405771433459696666862420425,6491.752288626913696366278828938,0.21703246780023231603131842732642,1555.78291737638464555375380566032791919566770228722958202527585750138499882895967746747098640345874202278600044539912276582327247909322531123183612833,5572.41047410719918654857909169959530076640305045116359775641871237087786635382373299164261300413598649396031372700803845943092449521170096943668290887,0.397714767150369255241341074335529353310951079755318378704927657001185766959660340134370523384762167561332434234651231796655637865536708436210809137233,1430.37202897581566396306494852537490195524292708351599195525345272450664552276216704981111496468785704124697936388087380352572303811493219341445513881,6675.43318393829848100655410814124501672213614064407066325613542090984275467704950760089638732864921043613746580437001555828524305082693091796099371375,0.192320331844418785031880495359187573971896868782503470639511981252539668461030702139859413447823078421259612897162134444159441341737261902424910147714,4.0565251520431717695308149073567,417717968456305.21300801878298741,3.9999999999999999999815902917901
26,433012592791637.1875,yep!,1556.3415922187579313622554124077,6955.3183186969141265445622682435,0.20131887227110242671311537499562,1652.83436448867083998811451252469347068293533105052768988580627118467355478273185326362535279348695444898603520381759035850320967916518926544395985103,6034.4813539860799791951892677885234803008316648110583225170102085593792945614159300977552531540551802543335618315570808143101498603107859170544259109,0.369281246882422507836182157798208553352969727258523368723096733533408644752796871398316302619880354884382996992710260970146977810386433861222465149908,1535.37132046644845585390671982359662898785395297295035683192106990609154396326958886343960633742946393021081305203815736026295494710268918847421194086,7137.50406381717927365316428423017319625656475500396538801672691709834418288464170470700902747856840419651071390891905791316446841592601586557873671578,0.17857092019290463091919778780401250657276237312413658858593540772972947035256124371583207768965067632739529945785839271377003521204555334655985768442,5.5483750010280482264440410883195,433012592789693.02830097728136164,3.9999999999999999999788279484232
27,448867225435062.0625,yep!,1667.0383404067644778862817943994,7451.9716236258851623623075805554,0.1867474667739707345481260562331,1757.61434235074855665151522025556833132926651199295797973700998676269333311087551086686745351192829118105774154782034094906954799759664508698375022495,6529.63870664405611036668454984583952842151556258599439088864778721351055116551771893008993289280412636421111179763420780975262384505914280070522178227,0.342888949458068236799460851028310091597565751241820749340437929779862489267127655564223826755927161364867810348435554563866769685761936695087883224918,1647.63825875501916982777957836587689619719933617979596910923248963898053738423860273081303604977547996589989032806141285795630585782527633284985909509,7632.66141647515540482465956628748924437724865277890145638836449575247543948874349353934370721731735030638826387499618490860694240067437274922953258715,0.165808569337399817845339088236694586519374595188380994118933970222326427961343907253532914172584413824597495807433835835097599576582995986978287861335,7.5900872535099180639907008333514,448867225432897.11114632437781278,3.9999999999999999999756486151875
28,465302370932943.5,yep!,1785.6569916701415364739309005287,7984.072860782218974399631779525,0.17323445582720110371711581954164,1870.63936911340022141482654270422162126833714763730320897790769209277937662905556630275345158183736563144815486640186320608607918444144682327524685198,7060.24318829641482956377103942882746827963771734714005556175429535469184114129297412890819172008147224284449527892871501911852872122326706350125511881,0.318389912717541093053552586244899317741277608700756997359728115918312612635137257518842943701614025108863313035836825699694514415767833676127731410609,1767.7090554028389518578568130894031204495845494702691781965149339165070437106111259228373631716222544099008252644092345633736907994912303680084910081,8163.26589812751412402174605587047718423537080754004712106147100389365672946451874873816196604459469618502164735629069211797284727683849701202556592369,0.153961730182882359714456457885012474383635498608458951906992722275705617211916364684810300162626175730247546081712815420230015115139532416764330875101,10.38457049369916624177521791072,465302370930532.57453632200264979,3.9999999999999999999719893173085
29,482339284597958.875,yep!,1912.7616452576617813601047575694,8554.1524377188313074332288610782,0.16070235034073964748091192660751,1992.46270345358304698881009541051448077094581645824162687608679518150284512162522869720503494313917698466484912971748882115053034459814030751807736208,7628.82520533871595035794012864043827965093967918856812347142224807591645593840540900603822578431031253818652413633559367085467193448276218379399217205,0.29564719015116842037116444363668684166493128312511393309996853386039969159858104472056954670861239031782002646551533155087774241141288036727243346006,1896.15697660551774517560008682175841122073371890088358298418299730588102000008289520682454395081519655262997610243873005961467864586275613112993612343,8731.84791516981524481591514508208799560667276938147518897113895661488134426163118361529200010882353648036367621369757076970899049009799213231830297693,0.142964180400284896675935849269539244356253172445452536511556190235291474828704479831545686550033151015314024738423572409330868686152471724322463132165,14.209611856249167206773645354779,482339284595273.90391721186056777,3.9999999999999999999677776839833
30,499999999999999.9375,yep!,2048.9566858155142242879354353191,9164.9210780274986045054475546997,0.14907943322212580794275530320994,2123.67702720251741007915585692212850381670314390739109232523455507379624716407225181677120735767676264729239947391468459023529449501625946486856031923,8238.09548020110399091362309511097286788107120758388876662237585449255524447265521632190364591935126129678186195063071578763722246812797179278590809598,0.274533921531797306723755530873066210867627358673342327660139366771037478733923581616071439530732818875040308492815500752089924184018841096556250290612,2033.59479030212383764819231500606781023041660080787750878156234300250804670901136823457109307217343477086682258070889914720539246462896657091722471332,9341.11819003220328537159811155262258383680429777679583212209256303152013279588099093115742024386448523895901402799269288649154102374320174131021890086,0.132754575018288619262050897070626430669171578176105107083997986602904707019226809803620927380036323064662851755806370988218456625735151876940499357283,19.445785163117618545256680344328,499999999997009.71631442076521232,3.9999999999999999999629299774424
31,669855006956597.25,yep!,3586.7403171588153032014375337551,16058.20028493614330856254216724,0.080995568460849685207869046808687,3630.53863528869883461043018090918951107825293151986736301332616033336459798525639676667174077449243803669959534775656984518471936934457742341629100169,15119.1589232350106761537706000673479886429879994499989367953458049760863708706805997484464207885462939353900957721930839861206751604896202649660800306,0.150355572860238663462682553255123945890266028896504596927676985812477596434508712619336382097759549080581991796363336484121196719617653986744674345764,3578.59112467464560491527197560869538824856780822237647078540256966369425902572292420353037897603613138181429330619001429239635941757582006890274961639,16222.1816330661099706117456165089977045987210896429060022950625135150512591939063743577001951130595178775672478495550610849749937161048502134903908355,0.072706462157101574475256332492753464814566058411106804440286773652194151239804727289531866122076331823815043824306622029799006402324246174274913918192,250.03426408953590821087176883292,669855006949412.86835575739468545,3.9999999999999999998839177524211
32,897411460689642.375,yep!,6281.9319936178870292872475201773,28135.779788843081112657779368693,0.044028786099188883124527080228199,6307.38626206095142336858912825179998990371656486806562005402366257849500476491620044076613195634338417651913361384875162251006283674433620131754251368,27184.468667212589756659733582949930592482443323962079630248073147441698463256240239471909541125031812388189190526524722158382837128469151175743808687,0.0823932861308380589788394605233379542872532174966497105335517034930400066944354977228792361671407545976485654683364718132917351483525607475251186797214,6277.62894046083597745245491119572516411747610504638536099007952480453109567055438775654896211539231286283472808881321013376698392014088812152816659485,28287.4913770436890511177085993915803084381764141549866957477898559806633515794660140811633154495450363303663426038866992572371556840843811242681194919,0.039842383132944756614614759971468543034096563967213062959854800355815068738388505393637923726214601802438166740518458258690008769373602237616190535147,3223.0990015756605645674709513825,897411460672369.7917164496869656,3.9999999999999999996359163626817
33,1202271120486381.0,yep!,11005.408527846808401920798624677,49300.322801661098452811680867221,0.02394175713575452577308487487741,11020.1560465807867747342728743057618604617322382339270703712078653851840745381146392956932671452287999254538451957614340296384062464032269127752457326,48336.6872661484184777699918599450100391191440586064874292425633950034570426512760241718706238729493033734700899179170916749424972728516505596257299539,0.0451674022083314546975953841903596190293775935932435385004346678269280541545131608904257195785121439006822200294983671402589104257176448260800964226001,11003.1515006504974071592562744817707675786797961209855656655043823760243307977339068452344264919355780267919332840440941861617337996357916791546306297,49439.7099759795177722279668763866597550748771487993944947422801035424219309745017987811243981974625273156472419952790687737968158284668805081500407588,0.0218413056258793085258928484631384725593653360979672687392149494935381546012591251889793903769054434600890856944168837737583670516595361572314792142913,41595.702075108990072785972237555,1202271120444847.0385869275157226,3.9999999999999999988573369522087
34,1610694659554241.75,yep!,19284.576914292125769105228348018,86395.941916458169921357466670821,0.013022282683649573585018673428983,19293.1107718725832251418902599911182877577202456356882238922933834848282842770945927189180189452050555234501986792789987251091186224762562386011480161,85419.9266343152870256844083806275690611664753622722191845429792032499982779907140213335463629217895023975639030285775264682088592025745011596106722032,0.0247678111020085604196227292011947271959773935977904800344826775429303452177839427048575177895446351933286422202994665542546519333238799203564477477251,19283.4028872246021232695857442314584313178777630878156126362107556313090849635621242125483912651639899985261001782673993787681623655020092379586489034,86522.9493441463863201423833970692187771222084524651262500426959117889631663139397959428001372463027263397410551059395035670631777581897311081349830081,0.0119768086167070137265741049165570744784294186355192261455032929202868249249674695275379677990638078942125508206863768473573055916334915623922082137361,537206.31061628999292995637470724,1610694659454364.4379042288623472,3.9999999999999999964125911077466
35,2157863764761321.5,yep!,33798.610543637353749215418794206,151427.36590326106169614514955558,0.0070846305954694079065972358898785,33803.5458045859019967635371524511349284251553310819914510544402508549968281035828538795876637728837803319308604877264187002149841670170448756834122325,150438.914840972987608153647617238448260192378779401781338187306353998674807071822124986035646461542530099190188222413881231481887704303331091472636495,0.0135852263516904654700904289505978136171620513096155243814343029141985682762473927289047241322528047828527733599456919085442940894540678093266894793222,33798.0060450023198337844899551023331019975620185751776273198412800981090523495442453536886331556505687173828497935369084325994216058686896008042097308,151541.9375508040869026116226336800979761481118695946884036870230625376396953950478995952894207860557540413673402997758583303362062599185610399969473,0.00656931916020817358653981268644083534982174796456935067353691489263072168138371965259367573924952519167070063188454008630909673171792014306298200448411,6942218.2776089751725838366074763,2157863764521144.4734905042519194,3.9999999999999999887346783559882
36,2890911694311157.0,yep!,59247.721648800099482244517910196,265455.08486441624194779088511206,0.0038551413891353020034535763185792,59250.574651809789381296813044197115436885914811285531620695203641604195318301230378640553019153306212805692013765953384807962089723443502477930068744,264454.141264583911350455895391443534939799440612237004262048555168461540754809660137215884674876460129059027399633120672443494651333215008022362934737,0.00745344757198626388461568605164745470559567033728233062615790588461158118523467459084000617009208570241104762873494540839807175993323622098062753607506,59247.4142914689650115060158136374470938746946975594906547975170629319205194598626001849642325261500379124103773381988870115318723911774082571532324212,265557.163974415010644913870407885184655755173702429911327548271877000505643132885911825138449200973353001204551710482649542348969888830237970887245542,0.0036042149520875412270095210177346574655975722660493085075765326010838438337225588098694897004882015604286467184562620190806144566440058592746787032298,89764534.309055084748364927764658,2890911693733601.2051693731507379,3.9999999999999999646173595472854
37,3872983346207417.5,yep!,103879.19903882093102835529589938,465433.41113371116971509819865041,0.0020982293345774073977674617871472,103880.847776598732868079640255349523941335587896837170821018389408304886303889792715026449343875062379511377892507985798492174902494314534089140712385,464419.91749071302190012334012094560196237144382771156044499897089654876461983132056054889329248451770508070438152599342655625252777662755671411411601,0.00409030276068846996764119439998082657753957148833011055722889561787313560894035240471960335676101618848822278172387705360864434125679838827306966082567,103879.045232617314998771785798293754994090883688426462131503044929731801071839015229862500317030376991576720240432494370616374807876353043215790989735,465522.940200544121194581315137387251678327176917904467510498687605087729508154546335158147066809030929022881533603355403655106846332242786662638426815,0.00197792098572575836517434805903723996173717744868185013203488041866366537748684761647082986215472297874602316164970399243741978596343979117877078949919,1161329749.4485220143057384403242,3872983344818570.4463166330605592,3.9999999999999998888487449369515
38,5188674572633110.0,yep!,182166.86288296303671099948738434,816217.00664979238595757442090962,0.0011422276824198909010904443113664,182167.815391842439818099245039041522543366331066907961838527583678063446315521437003665973091972292644402226313111149252153807163093736700806207528566,815190.904684142634735861125424473147182322027123886829292394118072731005763648818153741518996738496373140036066342261586609826647574887701987005401369,0.00224522319085705005817320053104386782251848541455880543063473383006744421942910401206795383742586801880685884284306981981391434574112122917814846908767,182166.787500607979356712043817091606897438516757830746983708054066337785630360458238673926613156834080856229011978946883439700612764725743362516850125,816293.927393973734030319100440914796898277760214079736357893834781269970651972043928350772771063009597082213218419623563708680966130502931935529712174,0.00108570791128596839299821184374065927113559034733299539694293873468204781512301367277780061146775483498412000883142852245633142468217177164082209557092,15033059621.368423765291008285458,5188674569293362.5474141244956393,3.999999999999999650769069020913
39,6951319283893344.0,yep!,319516.50741812123209703884297914,1431645.9957954022924952201692891,0.00062192422718897266431306865607472,319517.05754062209103356614902687212252749793481796899623062204756907196221819839013040015727801167045299283505023464882099520450106728732518367036067,1430607.22642671733930832045746597626259545977666267007566086122430168134473784292885675754779748731266471064239561252503401025399930150010000087116012,0.00123272932202836056947997870850051019376998597019663555929191061006507599641099758797955871798068980277565296205901622380415364014053925374328497571919,319516.47150510485765654990867583889168345010635344901471168159108464232829049412023573209601873830303667329029966242808303353359881327555234116699409,1431710.24913654843860277843248241791231141550975286298272636094101022030962616615463136680157181182588865281954768988701110910831785711532994939547093,0.000596102865341190986206241813494301695666291512027903769456238337915634703502151015460048702115758948611846633576975284122774367663878536558072593402027,194704930444.36837895015421714962,6951319275862296.3165385590649795,3.999999999999998902554457832037
40,9312752054539772.0,yep!,560530.59934945628104881953836916,2511580.5399461344760181221816486,0.00033869247291210329969238613943741,560530.916982547315311431126678900501060039320390999024411902548868721663109120684242121922073872258911299721987476879598108429208951720518561597732317,2510529.04326461177429332172596707869421096965935682109702784349369368776067709929010123948117264323009775568499685335576966167767888940503622548748461,0.000676984375997595542912169792059955869042543093198875046068272143117856300254176776116852328340828516424712902409599508575132057422417780953661147310034,560530.582927417642354581707919688338243911436379599221370226670059733705174000965330013310115634552789675147100949956064087957193414822108590863422685,2511632.06597444287358777970098352034392692539244701400409334321040222672556542251587584873494696774332169786214893071774676053199744502026617401179541,0.000327364912241538007153105122324485746122791731121200540824925543525235840794450239584371724709146206974505913961982888587762165900741851876956147462108,2523135101673.3405136562883677165,9312752035227623.1839106931405095,3.9999999999999965507608799416451
41,12476387184557560.0,yep!,983526.8881680876305729613691731,4406960.3090738266505864029337002,0.00018448252426573704175669027934442,983527.071513699839894594180788474252769859095471051696247682203763004310471488752129372870798401945480707376175801915595441998504559022878038152731679,4405896.02431013250920046109672877816401483597799853851443293423153539229268975193589283323347961013361099371643121274093321781372719912362248342371054,0.0003718698702512432303266148714104914521004680755786004280505743889399996643552997990525633689970417222360544650677218375842827994423347456583304624508,983526.881129321098989725834913300073954639582189255619387352655389691836720533549551415942272602746141586590665238520262467300587564063391261836167188,4406999.04701996360849491907174521981373079171108873142149843394824393125757807516166744248725393464683493589358329010291031666804575473885243194802135,0.000179822683884956809245560646511533872219175433318551147073880881016004214738199890960723092969114485756491688537651721706157692873729944265246875060681,32714023912724.26355178369152199,12476387138117892.849623100141164,3.9999999999999891574380359696044
42,16714740848610012.0,yep!,1726047.4164121581914737346989708,7734114.5208380955405136871172903,0.00010050437606905938408715923464711,1726047.52221469507545042282778901001421871984947911472475966681865898097918966168965449243633459530810165839069953327740866640942686252717012982952516,7733037.38633154979878593982380529167769345392105492539536181048920671483194568553040715588508196515512358349416545666486606243591217790602760663787449,0.000204316568373919765120757866270305940261032473831231409122650170541315851578279840696810564886768240675707338953476147281213632863349649643312028257477,1726047.41373090431284190808892008674261323744341169634712670010239294759257497895413984501226516191246990109041102311961087236968758457046693574410673,7734140.40904138089808039779882173332740940965414511830242731020591525379683400875618176513885628966834752567131753402684316129023073352125755516218529,0.0000988000282527317944859415752043360823897379673023315114799420166237297222604155381440632226474654203230977302092466746110158681235546475549518474385062,424378215178805.84902717219381429,16714740736937089.509894867639645,3.9999999999999659115607412559574
43,22392905694846760.0,yep!,3029684.7118699309602927714697851,13575637.927631387304838043609757,0.00005476376216713950942413242103027,3029684.77290854811060004048954599964679626282934469601608808870911702563579678801450620642322123013466784356346639808041586607087780564634832614825576,13574547.8807963234340127239891028722798478189043746725090423949951879000929055008883194733670297770222895518712497948662569360527389087471563743725611,0.000112283343858449853839897318950779191933504431812343542817774845379597218989394713992527950933336788097239486363770168009787716830550003268466501493023,3029684.71110404094003107255290171782171632927545285271309646488276759421954625535359543987469253180531477116663563753024535691410820653801371093307543,13575650.9035061545333071819641193139295637746374648654161078947118964390577938241140940826208041015355134940484018722282340349070574643623863228968719,0.0000542961230888708496114102457918703559878120162243090132910767837965794841026882815512890526616446480977927161229845614029188692063794531343490171071107,5507995379308863.1809459742607942,22392905426307946.606410106990867,3.9999999999998928117242968036693
44,30000000000000012.0,yep!,5318866.018124266657444444609955,23833444.711434570213921119374665,0.000029845491632271818382440002468218,5318866.05332879542431989081681208001719446517019415622179379167329798461446288268137372788832817693725509998845465890029378295188937568013574283290244,23832341.688724739114608869864927429740163101744066918206003332441089847035415243472405681425654553084976539418563588594941554325904868745604723442097,0.0000617199057488094308273149951862386843556704538334290544642247790105066413735910396508484741684648143663745167078712626754571874707839785780438388047008,5318866.01812426665744444520830564204392891147830393731725699319777766828483037333801893163052915770914189902184878190556368144103585719766297366605406,23833444.7114345702139033278399438713898790574771571111130688321577983860003035666981802906794288775982004815957156659569186531802234243608346719664079,0.000029845491632271818733515291638542168489219946983970945341526426641542370911853657037303259223639937319307089167580194622305500961652238899819384018367,71523906171040699.800166326953331,29999999354246571.936987894468367,3.999999999999662906135155216802
